--1st statement used
SELECT * FROM Account;
SELECT * FROM AddressBook;
SELECT * FROM Entry;

 
--1st result used
+----+-------+----------+---------------------+------------+
| id | email | password | createdOn           | modifiedOn |
+----+-------+----------+---------------------+------------+
|  1 |       |          | 0000-00-00 00:00:00 | NULL       |
+----+-------+----------+---------------------+------------+
1 row in set (0.00 sec)

+----+-----------+------+---------------------+------------+
| id | accountId | name | createdOn           | modifiedOn |
+----+-----------+------+---------------------+------------+
|  1 |         0 |      | 0000-00-00 00:00:00 | NULL       |
+----+-----------+------+---------------------+------------+
1 row in set (0.00 sec)

+----+---------------+-----------+----------+----------+------+---------+----------------+----------------+------------------+-----------------+-----------------+
| id | addressBookId | firstName | lastName | birthday | type | subtype | contentLineOne | contentLineTwo | contentLineThree | contentLineFour | contentLineFive |
+----+---------------+-----------+----------+----------+------+---------+----------------+----------------+------------------+-----------------+-----------------+
|  1 |             0 |           | NULL     | NULL     | home | phone   |                | NULL           | NULL             | NULL            | NULL            |
+----+---------------+-----------+----------+----------+------+---------+----------------+----------------+------------------+-----------------+-----------------+
1 row in set (0.00 sec)